City_ID,City,Country,Date,Current Description,Lat,Lng,Max Temp,Humidity,Cloudiness,Wind Speed
0,Albany,US,2022-08-11 22:16:11,broken clouds,42.6001,-73.9662,81.68,53,83,1.01
1,Krasnoselkup,RU,2022-08-11 22:26:52,overcast clouds,65.7,82.4667,47.82,73,98,4.45
2,Laguna,US,2022-08-11 22:20:09,clear sky,38.421,-121.4238,96.35,27,0,8.05
3,Patacamaya,BO,2022-08-11 22:26:52,clear sky,-17.2333,-67.9167,55.0,24,0,4.99
4,Vestmannaeyjar,IS,2022-08-11 22:26:52,overcast clouds,63.4427,-20.2734,51.46,94,100,13.67
5,Hayden,US,2022-08-11 22:26:45,haze,47.766,-116.7866,96.21,34,0,1.99
6,Ushuaia,AR,2022-08-11 22:26:53,scattered clouds,-54.8,-68.3,35.26,87,40,0.0
7,Punta Arenas,CL,2022-08-11 22:17:25,broken clouds,-53.15,-70.9167,35.71,69,75,10.36
8,Saskylakh,RU,2022-08-11 22:20:15,overcast clouds,71.9167,114.0833,43.66,69,100,7.09
9,Lampazos De Naranjo,MX,2022-08-11 22:26:53,scattered clouds,27.0167,-100.5167,100.31,26,46,15.26
10,Ravar,IR,2022-08-11 22:26:54,clear sky,31.2656,56.8055,74.08,22,0,7.92
11,Lebu,CL,2022-08-11 22:26:54,overcast clouds,-37.6167,-73.65,50.18,90,100,2.8
12,Bengkulu,ID,2022-08-11 22:26:55,scattered clouds,-3.8004,102.2655,76.01,91,40,3.65
13,Thompson,CA,2022-08-11 22:26:33,few clouds,55.7435,-97.8558,78.96,44,20,12.66
14,Polovinnoye,RU,2022-08-11 22:26:55,broken clouds,54.7914,65.9864,63.27,85,57,8.7
15,Poum,NC,2022-08-11 22:26:56,clear sky,-20.2333,164.0167,68.79,60,0,7.87
16,Koulamoutou,GA,2022-08-11 22:26:56,overcast clouds,-1.1303,12.4736,74.39,61,92,0.94
17,Perbal,HU,2022-08-11 22:26:56,broken clouds,47.5896,18.761,67.75,57,62,6.17
18,Lagoa,PT,2022-08-11 22:26:57,light rain,39.05,-27.9833,73.49,83,98,13.56
19,Cape Town,ZA,2022-08-11 22:20:08,broken clouds,-33.9258,18.4232,59.88,77,75,12.66
20,Mengen,DE,2022-08-11 22:26:57,broken clouds,48.0495,9.3301,69.84,75,60,6.22
21,Tuktoyaktuk,CA,2022-08-11 22:26:38,broken clouds,69.4541,-133.0374,55.4,82,75,12.66
22,Atuona,PF,2022-08-11 22:24:53,scattered clouds,-9.8,-139.0333,77.22,68,33,25.48
23,Mirnyy,RU,2022-08-11 22:26:58,overcast clouds,62.5353,113.9611,53.24,100,100,4.0
24,Koumac,NC,2022-08-11 22:26:58,clear sky,-20.5667,164.2833,69.78,53,0,6.02
25,Kumluca,TR,2022-08-11 22:26:59,clear sky,36.3703,30.2869,81.73,62,0,3.11
26,Kropotkin,RU,2022-08-11 22:26:59,overcast clouds,45.4375,40.5756,71.49,79,98,1.99
27,Vostok,RU,2022-08-11 22:26:59,broken clouds,46.4856,135.8833,59.79,95,69,3.02
28,Aykino,RU,2022-08-11 22:27:00,overcast clouds,62.2248,49.9922,58.06,72,100,7.38
29,Hasaki,JP,2022-08-11 22:26:37,few clouds,35.7333,140.8333,84.6,81,18,23.11
30,Port Alfred,ZA,2022-08-11 22:27:00,overcast clouds,-33.5906,26.891,62.44,80,92,4.0
31,Sao Joao Da Barra,BR,2022-08-11 22:27:01,overcast clouds,-21.6403,-41.0511,69.21,66,95,29.3
32,Denpasar,ID,2022-08-11 22:25:20,scattered clouds,-8.65,115.2167,78.46,94,40,9.22
33,Mataura,NZ,2022-08-11 22:20:00,few clouds,-46.1927,168.8643,38.46,70,19,2.82
34,Butaritari,KI,2022-08-11 22:15:20,overcast clouds,3.0707,172.7902,81.99,75,97,13.06
35,East London,ZA,2022-08-11 22:19:58,overcast clouds,-33.0153,27.9116,63.3,76,85,4.59
36,Ascension,US,2022-08-11 22:27:02,scattered clouds,30.2169,-90.9001,84.2,84,40,4.61
37,Tautira,PF,2022-08-11 22:27:02,light rain,-17.7333,-149.15,77.32,78,20,14.92
38,Concepcion Tutuapa,GT,2022-08-11 22:27:02,overcast clouds,15.2833,-91.7833,70.29,95,96,2.57
39,Port Blair,IN,2022-08-11 22:27:03,overcast clouds,11.6667,92.75,80.96,81,100,14.79
40,Khatanga,RU,2022-08-11 22:27:03,light rain,71.9667,102.5,44.62,71,100,7.02
41,Samarai,PG,2022-08-11 22:20:12,overcast clouds,-10.6167,150.6667,78.67,84,98,17.63
42,Puerto Ayora,EC,2022-08-11 22:20:09,overcast clouds,-0.7393,-90.3518,78.76,99,100,7.0
43,Ixtapa,MX,2022-08-11 22:26:39,broken clouds,20.7,-105.2,87.22,74,75,11.5
44,Saint-Philippe,RE,2022-08-11 22:27:43,scattered clouds,-21.3585,55.7679,64.22,70,31,12.5
45,Hobart,AU,2022-08-11 22:18:08,broken clouds,-42.8794,147.3294,44.26,93,75,3.44
46,New Norfolk,AU,2022-08-11 22:27:49,light rain,-42.7826,147.0587,44.71,86,98,1.74
47,Srednekolymsk,RU,2022-08-11 22:28:05,broken clouds,67.45,153.6833,65.5,73,82,7.11
48,Fort Nelson,CA,2022-08-11 22:28:05,broken clouds,58.8053,-122.7002,60.39,72,75,3.44
49,Iroquois Falls,CA,2022-08-11 22:28:06,scattered clouds,48.7669,-80.6831,67.53,38,30,9.84
50,Marienburg,PL,2022-08-11 22:28:06,clear sky,54.0359,19.0266,64.89,68,0,4.74
51,Tasiilaq,GL,2022-08-11 22:20:03,few clouds,65.6145,-37.6368,35.76,86,24,1.34
52,Baykit,RU,2022-08-11 22:28:07,scattered clouds,61.67,96.37,44.83,88,30,3.65
53,Busselton,AU,2022-08-11 22:20:11,clear sky,-33.65,115.3333,49.51,89,2,11.92
54,Onverwacht,SR,2022-08-11 22:28:07,light rain,5.5833,-55.1833,82.85,94,40,2.3
55,Beira,MZ,2022-08-11 22:28:08,few clouds,-19.8436,34.8389,66.29,94,20,4.61
56,Kapaa,US,2022-08-11 22:20:12,few clouds,22.0752,-159.319,84.18,72,20,14.97
57,Mount Isa,AU,2022-08-11 22:28:08,overcast clouds,-20.7333,139.5,64.17,36,91,4.61
58,Sao Filipe,CV,2022-08-11 22:20:10,few clouds,14.8961,-24.4956,78.4,79,15,14.5
59,Vaini,TO,2022-08-11 22:20:05,few clouds,-21.2,-175.2,77.16,78,20,12.66
60,Egvekinot,RU,2022-08-11 22:28:09,overcast clouds,66.3167,-179.1667,49.51,86,100,3.76
61,Flin Flon,CA,2022-08-11 22:28:09,overcast clouds,54.7682,-101.865,75.04,50,100,20.71
62,Kodiak,US,2022-08-11 22:28:09,mist,57.79,-152.4072,56.71,88,100,6.91
63,Vung Tau,VN,2022-08-11 22:23:56,overcast clouds,10.346,107.0843,78.82,86,89,6.67
64,Carutapera,BR,2022-08-11 22:28:10,broken clouds,-1.195,-46.02,78.22,80,78,9.55
65,Batticaloa,LK,2022-08-11 22:28:10,overcast clouds,7.7102,81.6924,79.5,77,100,4.83
66,Rikitea,PF,2022-08-11 22:19:59,broken clouds,-23.1203,-134.9692,73.15,70,77,20.94
67,Victoria,HK,2022-08-11 22:27:14,overcast clouds,22.2855,114.1577,81.32,92,100,5.99
68,Yellowknife,CA,2022-08-11 22:16:45,broken clouds,62.456,-114.3525,66.72,32,75,13.8
69,Souillac,MU,2022-08-11 22:28:11,light intensity shower rain,-20.5167,57.5167,66.58,94,75,18.41
70,Suntar,RU,2022-08-11 22:28:11,overcast clouds,62.1444,117.6319,61.05,77,100,3.47
71,Stornoway,GB,2022-08-11 22:28:12,overcast clouds,58.2093,-6.3865,53.56,94,100,4.61
72,Port-Gentil,GA,2022-08-11 22:28:12,few clouds,-0.7193,8.7815,73.36,94,20,6.91
73,Manjacaze,MZ,2022-08-11 22:28:13,clear sky,-24.7117,33.8828,63.84,72,2,7.92
74,Sokolka,PL,2022-08-11 22:28:13,clear sky,53.4072,23.5023,62.65,83,9,7.29
75,Mislinja,SI,2022-08-11 22:28:14,overcast clouds,46.4411,15.1956,64.02,72,100,3.38
76,Carnarvon,AU,2022-08-11 22:28:14,clear sky,-24.8667,113.6333,58.78,34,0,15.77
77,Waingapu,ID,2022-08-11 22:28:14,few clouds,-9.6567,120.2641,75.9,88,24,9.01
78,Jamestown,US,2022-08-11 22:20:02,scattered clouds,42.097,-79.2353,76.59,47,40,12.66
79,Chuy,UY,2022-08-11 22:28:15,clear sky,-33.6971,-53.4616,52.52,87,6,4.97
80,Manzhouli,CN,2022-08-11 22:28:15,broken clouds,49.6,117.4333,60.26,62,61,3.33
81,Nyurba,RU,2022-08-11 22:28:16,overcast clouds,63.2842,118.3319,60.71,81,99,2.13
82,Saldanha,ZA,2022-08-11 22:28:16,overcast clouds,-33.0117,17.9442,55.45,88,100,10.54
83,Upernavik,GL,2022-08-11 22:20:09,overcast clouds,72.7868,-56.1549,42.1,81,100,10.6
84,Luanda,AO,2022-08-11 22:23:28,broken clouds,-8.8368,13.2343,66.85,93,54,5.53
85,Mmathubudukwane,BW,2022-08-11 22:28:17,clear sky,-24.6,26.4333,60.01,35,0,2.84
86,Batagay,RU,2022-08-11 22:29:17,overcast clouds,67.6333,134.6333,55.0,74,85,6.6
87,Avera,US,2022-08-11 22:29:18,overcast clouds,33.194,-82.5271,81.91,54,99,6.02
88,Port Elizabeth,ZA,2022-08-11 22:27:27,overcast clouds,-33.918,25.5701,58.1,92,100,5.75
89,Khilok,RU,2022-08-11 22:29:18,few clouds,51.3674,110.4676,52.27,89,15,5.99
90,Alofi,NU,2022-08-11 22:29:18,scattered clouds,-19.0595,-169.9187,82.29,74,40,10.36
91,Biltine,TD,2022-08-11 22:29:19,moderate rain,14.5333,20.9167,71.6,82,100,3.8
92,Avarua,CK,2022-08-11 22:29:19,scattered clouds,-21.2078,-159.775,78.85,73,40,13.8
93,Coquimbo,CL,2022-08-11 22:29:20,overcast clouds,-29.9533,-71.3436,53.33,87,100,3.44
94,Fortuna,US,2022-08-11 22:26:38,few clouds,40.5982,-124.1573,74.93,69,20,14.97
95,Qaanaaq,GL,2022-08-11 22:29:20,overcast clouds,77.484,-69.3632,38.98,72,96,6.11
96,Labuhan,ID,2022-08-11 22:29:20,broken clouds,-6.8844,112.2051,76.82,89,74,5.41
97,Muros,ES,2022-08-11 22:29:21,scattered clouds,42.7762,-9.0603,66.09,90,35,0.85
98,Pevek,RU,2022-08-11 22:20:06,overcast clouds,69.7008,170.3133,36.41,91,86,5.28
99,Saint George,US,2022-08-11 22:24:56,clear sky,37.1041,-113.5841,96.64,33,0,13.0
100,Bambous Virieux,MU,2022-08-11 22:20:04,light intensity shower rain,-20.3428,57.7575,69.22,94,75,18.41
101,Castro,BR,2022-08-11 22:25:35,clear sky,-24.7911,-50.0119,47.73,75,0,4.94
102,Gat,IL,2022-08-11 22:29:21,clear sky,31.61,34.7642,79.81,79,0,5.17
103,Leo,BF,2022-08-11 22:29:22,overcast clouds,11.1,-2.1,76.73,82,100,6.13
104,Kovur,IN,2022-08-11 22:29:22,overcast clouds,14.4833,79.9833,84.34,55,95,17.81
105,Kemi,FI,2022-08-11 22:29:23,clear sky,65.8596,24.8228,58.77,58,0,14.97
106,Isangel,VU,2022-08-11 22:29:23,broken clouds,-19.55,169.2667,73.51,68,75,4.61
107,Broken Hill,AU,2022-08-11 22:29:24,few clouds,-31.95,141.4333,46.38,51,15,12.95
108,Sechura,PE,2022-08-11 22:29:24,broken clouds,-5.5569,-80.8222,72.97,59,70,16.26
109,Yulara,AU,2022-08-11 22:29:24,clear sky,-25.2406,130.9889,44.28,54,0,7.74
110,Blythe,US,2022-08-11 22:29:25,clear sky,33.6103,-114.5964,106.03,29,0,2.06
111,Bud,US,2022-08-11 22:29:25,broken clouds,39.447,-86.1758,82.38,85,59,9.82
112,Camana,PE,2022-08-11 22:29:26,broken clouds,-16.6228,-72.7111,62.17,77,53,5.61
113,Bose,IT,2022-08-11 22:29:26,broken clouds,45.4612,8.0137,72.99,71,63,4.68
114,Vidim,RU,2022-08-11 22:29:26,few clouds,56.4088,103.1106,50.47,97,20,3.65
115,Ribeira Grande,PT,2022-08-11 22:29:27,broken clouds,38.5167,-28.7,74.64,78,81,9.24
116,Clyde River,CA,2022-08-11 22:29:27,broken clouds,70.4692,-68.5914,43.03,87,75,8.05
117,Cherskiy,RU,2022-08-11 22:29:28,overcast clouds,68.75,161.3,55.83,65,97,10.45
118,Guerrero Negro,MX,2022-08-11 22:29:28,clear sky,27.9769,-114.0611,82.45,48,1,16.4
119,La Ronge,CA,2022-08-11 22:29:28,scattered clouds,55.1001,-105.2842,86.22,42,40,10.36
120,Bredasdorp,ZA,2022-08-11 22:19:58,overcast clouds,-34.5322,20.0403,54.36,81,100,6.02
121,Hilo,US,2022-08-11 22:28:06,broken clouds,19.7297,-155.09,92.28,76,75,8.05
122,Pokrovsk,UA,2022-08-11 22:29:29,overcast clouds,48.282,37.1758,77.54,43,100,12.84
123,Fujin,CN,2022-08-11 22:29:29,broken clouds,47.26,132.0322,60.48,90,77,5.79
124,Hermanus,ZA,2022-08-11 22:26:26,overcast clouds,-34.4187,19.2345,58.8,72,100,13.89
125,Vila Velha,BR,2022-08-11 22:29:30,clear sky,-20.3297,-40.2925,73.35,78,0,10.36
126,El Alto,PE,2022-08-11 22:29:30,scattered clouds,-4.2714,-81.2147,67.66,75,48,16.35
127,Linxia,CN,2022-08-11 22:29:31,overcast clouds,35.6003,103.2064,68.4,84,100,2.24
128,Mount Pleasant,US,2022-08-11 22:29:31,haze,32.7941,-79.8626,87.98,77,0,9.22
129,Vila Franca Do Campo,PT,2022-08-11 22:28:16,scattered clouds,37.7167,-25.4333,73.81,86,49,7.14
130,Ancud,CL,2022-08-11 22:30:31,moderate rain,-41.8697,-73.8203,48.72,93,100,14.94
131,Virginia Beach,US,2022-08-11 22:28:34,thunderstorm,36.8529,-75.978,80.62,92,75,5.75
132,Pilar,BR,2022-08-11 22:30:32,scattered clouds,-9.5972,-35.9567,75.13,93,28,5.14
133,Sao Borja,BR,2022-08-11 22:30:32,scattered clouds,-28.6606,-56.0044,53.94,83,40,6.46
134,Oranjemund,NA,2022-08-11 22:30:33,broken clouds,-28.55,16.4333,53.92,94,75,1.16
135,Pacific Grove,US,2022-08-11 22:30:04,clear sky,36.6177,-121.9166,85.55,71,0,12.66
136,Kaitangata,NZ,2022-08-11 22:30:33,few clouds,-46.2817,169.8464,41.74,68,20,6.69
137,Narsaq,GL,2022-08-11 22:30:34,few clouds,60.9167,-46.05,55.62,84,12,3.15
138,Mosquera,CO,2022-08-11 22:30:34,few clouds,4.7059,-74.2302,62.69,51,20,8.05
139,Burnie,AU,2022-08-11 22:30:34,light rain,-41.0667,145.9167,47.95,91,95,6.64
140,Namtsy,RU,2022-08-11 22:30:35,light rain,62.7161,129.6658,62.44,92,94,2.95
141,Hithadhoo,MV,2022-08-11 22:26:39,clear sky,-0.6,73.0833,81.55,74,5,6.91
142,Jumla,NP,2022-08-11 22:30:35,scattered clouds,29.2747,82.1838,58.96,87,31,5.08
143,Los Llanos De Aridane,ES,2022-08-11 22:30:36,clear sky,28.6585,-17.9182,69.55,91,0,13.8
144,Altay,CN,2022-08-11 22:30:36,clear sky,47.8667,88.1167,64.53,41,5,6.51
145,Soledade,BR,2022-08-11 22:28:25,clear sky,-28.8183,-52.5103,47.95,90,1,4.79
146,Grajau,BR,2022-08-11 22:30:37,few clouds,-5.8194,-46.1386,82.09,39,19,4.56
147,Manicore,BR,2022-08-11 22:30:37,few clouds,-5.8092,-61.3003,84.15,61,20,3.44
148,Moose Factory,CA,2022-08-11 22:30:37,clear sky,51.2585,-80.6094,66.18,37,0,16.11
149,Te Anau,NZ,2022-08-11 22:30:38,few clouds,-45.4167,167.7167,39.96,76,21,0.96
150,Cabo San Lucas,MX,2022-08-11 22:28:42,few clouds,22.8909,-109.9124,92.5,61,20,8.05
151,Arlit,NE,2022-08-11 22:30:38,clear sky,18.7369,7.3853,98.51,13,3,8.16
152,Provideniya,RU,2022-08-11 22:30:39,overcast clouds,64.3833,-173.3,48.31,100,100,8.95
153,Aswan,EG,2022-08-11 22:30:39,scattered clouds,24.0934,32.907,91.26,22,44,12.64
154,Slonim,BY,2022-08-11 22:30:40,clear sky,53.0867,25.3219,60.06,87,6,6.64
155,Ouesso,CG,2022-08-11 22:30:40,overcast clouds,1.6136,16.0517,72.79,86,97,2.19
156,Mahajanga,MG,2022-08-11 22:30:41,clear sky,-15.7167,46.3167,68.02,60,0,9.22
157,Saint-Augustin,CA,2022-08-11 22:30:41,overcast clouds,51.226,-58.6502,62.62,90,100,13.09
158,Kruisfontein,ZA,2022-08-11 22:30:41,overcast clouds,-34.0033,24.7314,55.89,92,100,5.1
159,Mpongwe,ZM,2022-08-11 22:30:42,clear sky,-13.5091,28.155,59.88,46,1,6.22
160,Bluff,NZ,2022-08-11 22:30:42,overcast clouds,-46.6,168.3333,44.8,76,99,9.42
161,Isla Mujeres,MX,2022-08-11 22:30:42,scattered clouds,21.2311,-86.731,87.85,77,34,9.28
162,Ossora,RU,2022-08-11 22:30:43,few clouds,59.2353,163.0719,61.34,78,17,7.9
163,Paris,FR,2022-08-11 22:27:50,clear sky,48.8534,2.3488,79.09,41,0,4.61
164,Chokurdakh,RU,2022-08-11 22:30:35,overcast clouds,70.6333,147.9167,49.89,71,100,9.46
165,San Joaquin,US,2022-08-11 22:30:43,clear sky,37.9333,-121.3011,93.27,28,0,10.36
166,Bilma,NE,2022-08-11 22:30:44,scattered clouds,18.6853,12.9164,93.65,11,29,8.57
167,Ajdabiya,LY,2022-08-11 22:30:44,clear sky,30.7554,20.2263,78.75,67,0,8.59
168,Lompoc,US,2022-08-11 22:30:44,clear sky,34.6391,-120.4579,76.84,69,0,14.97
169,Yaan,NG,2022-08-11 22:30:45,light rain,7.3833,8.5667,70.59,98,100,6.67
170,Inhambane,MZ,2022-08-11 22:30:45,clear sky,-23.865,35.3833,68.11,79,0,8.41
171,Solnechnyy,RU,2022-08-11 22:30:46,moderate rain,50.7214,136.6319,55.87,91,99,4.05
172,Mount Gambier,AU,2022-08-11 22:27:42,light rain,-37.8333,140.7667,46.31,100,100,8.05
173,Raudeberg,NO,2022-08-11 22:30:46,overcast clouds,61.9875,5.1352,56.07,93,100,9.95
174,Airai,TL,2022-08-11 22:30:47,broken clouds,-8.9266,125.4092,60.4,89,52,3.44
175,Tahta,EG,2022-08-11 22:30:47,clear sky,26.7693,31.5021,86.41,24,2,7.34
176,Husavik,IS,2022-08-11 22:30:47,broken clouds,66.0449,-17.3389,48.78,79,80,2.93
177,Nikolskoye,RU,2022-08-11 22:30:30,overcast clouds,59.7035,30.7861,64.29,78,100,6.08
178,Osmanabad,IN,2022-08-11 22:30:48,broken clouds,18.1667,76.05,70.3,89,80,18.1
179,Barrow,US,2022-08-11 22:29:14,mist,71.2906,-156.7887,46.42,93,100,17.27
180,Dhidhdhoo,MV,2022-08-11 22:31:49,broken clouds,6.8833,73.1,81.25,81,76,13.62
181,Aksay,RU,2022-08-11 22:31:49,overcast clouds,47.26,39.87,81.25,31,99,7.0
182,Tual,ID,2022-08-11 22:31:49,broken clouds,-5.6667,132.75,79.92,83,83,16.49
183,Zhangjiakou,CN,2022-08-11 22:31:28,overcast clouds,40.81,114.8794,75.34,73,89,4.18
184,Hibbing,US,2022-08-11 22:31:50,clear sky,47.4272,-92.9377,72.91,43,0,5.75
185,Nenjiang,CN,2022-08-11 22:31:50,broken clouds,49.1833,125.2167,60.87,77,79,2.53
186,Maumere,ID,2022-08-11 22:31:50,overcast clouds,-8.6199,122.2111,78.26,83,85,4.9
187,Khairpur,PK,2022-08-11 22:31:51,scattered clouds,27.5295,68.7617,91.4,52,44,12.91
188,Nalut,LY,2022-08-11 22:31:51,few clouds,30.3333,10.85,86.11,26,19,9.93
189,Pisco,PE,2022-08-11 22:31:51,few clouds,-13.7,-76.2167,62.65,77,20,3.44
190,Mahebourg,MU,2022-08-11 22:29:59,light intensity shower rain,-20.4081,57.7,69.26,94,75,18.41
191,Constitucion,CL,2022-08-11 22:31:52,clear sky,-35.3333,-72.4167,48.61,82,0,2.8
192,Longyearbyen,SJ,2022-08-11 22:31:52,overcast clouds,78.2186,15.6401,44.44,81,100,9.22
193,La Sarre,CA,2022-08-11 22:31:53,few clouds,48.8002,-79.1996,64.06,52,20,9.62
194,Asau,RO,2022-08-11 22:31:53,light rain,46.4333,26.4,61.72,73,24,5.21
195,Petropavlovsk-Kamchatskiy,RU,2022-08-11 22:31:54,broken clouds,53.0452,158.6483,55.99,100,75,4.47
196,Arraial Do Cabo,BR,2022-08-11 22:31:54,scattered clouds,-22.9661,-42.0278,67.86,83,40,9.22
197,Hami,CN,2022-08-11 22:31:55,scattered clouds,42.8,93.45,83.89,31,27,14.38
198,Ilulissat,GL,2022-08-11 22:31:55,broken clouds,69.2167,-51.1,41.02,93,75,1.14
199,Kemijarvi,FI,2022-08-11 22:31:55,overcast clouds,66.7131,27.4306,49.08,80,90,7.43
200,Codrington,AU,2022-08-11 22:31:03,overcast clouds,-38.2667,141.9667,47.88,90,100,4.9
201,Beringovskiy,RU,2022-08-11 22:31:56,overcast clouds,63.05,179.3167,53.74,82,100,10.56
202,Makakilo City,US,2022-08-11 22:31:56,broken clouds,21.3469,-158.0858,84.56,58,75,17.27
203,Sao Miguel Do Araguaia,BR,2022-08-11 22:31:56,broken clouds,-13.275,-50.1628,76.1,30,82,6.46
204,Koslan,RU,2022-08-11 22:31:57,overcast clouds,63.4564,48.8989,60.12,71,100,10.11
205,Waipawa,NZ,2022-08-11 22:31:57,broken clouds,-41.4122,175.5153,45.37,73,55,2.04
206,Havelock,US,2022-08-11 22:31:58,clear sky,34.8791,-76.9013,87.8,73,0,12.66
207,Mogadishu,SO,2022-08-11 22:27:48,scattered clouds,2.0371,45.3438,75.33,82,32,19.04
208,Kudahuvadhoo,MV,2022-08-11 22:31:58,few clouds,2.6708,72.8944,80.51,79,22,7.07
209,Bembereke,BJ,2022-08-11 22:31:59,light rain,10.2283,2.6634,68.92,98,100,1.01
210,Esperance,AU,2022-08-11 22:30:13,overcast clouds,-33.8667,121.9,53.49,67,87,7.52
211,Esil,KZ,2022-08-11 22:31:59,scattered clouds,51.9556,66.4042,68.92,60,47,2.62
212,Jining,CN,2022-08-11 22:29:56,scattered clouds,35.405,116.5814,77.76,87,41,6.15
213,Conde,BR,2022-08-11 22:32:00,clear sky,-7.2597,-34.9075,74.66,88,0,4.61
214,Nemuro,JP,2022-08-11 22:32:00,light rain,43.3236,145.575,66.22,99,100,15.9
215,Coihaique,CL,2022-08-11 22:32:00,broken clouds,-45.5752,-72.0662,44.55,76,75,6.91
216,Dali,CN,2022-08-11 22:32:01,broken clouds,25.7,100.1833,62.46,91,83,2.89
217,Luoyang,CN,2022-08-11 22:32:01,clear sky,34.6836,112.4536,78.91,84,2,0.69
218,Okhotsk,RU,2022-08-11 22:32:02,overcast clouds,59.3833,143.3,58.75,91,100,3.24
219,Nova Olinda Do Norte,BR,2022-08-11 22:32:02,broken clouds,-3.8881,-59.0942,85.24,42,69,1.19
220,Talcahuano,CL,2022-08-11 22:32:02,overcast clouds,-36.7167,-73.1167,51.48,76,100,6.91
221,Singaraja,ID,2022-08-11 22:32:03,broken clouds,-8.112,115.0882,78.46,84,83,1.34
222,Custoias,PT,2022-08-11 22:32:03,clear sky,41.1053,-7.321,75.15,63,0,4.45
223,Komsomolskiy,UZ,2022-08-11 22:32:04,few clouds,40.4272,71.7189,74.12,40,16,6.91
224,Mapiripan,CO,2022-08-11 22:32:04,scattered clouds,2.8892,-72.1256,75.67,91,47,5.26
225,Medak,IN,2022-08-11 22:33:05,broken clouds,18.0333,78.2667,72.66,87,61,15.5
226,Wiarton,CA,2022-08-11 22:33:05,few clouds,44.7407,-81.1332,72.03,56,20,9.22
227,Boa Vista,BR,2022-08-11 22:32:35,scattered clouds,2.8197,-60.6733,85.98,54,40,4.61
228,Tshikapa,CD,2022-08-11 22:33:05,scattered clouds,-6.4167,20.8,72.54,24,35,2.93
229,Champerico,GT,2022-08-11 22:33:06,few clouds,14.3,-91.9167,90.14,69,19,5.19
230,Colac,AU,2022-08-11 22:33:06,light rain,-38.3333,143.5833,48.16,87,100,5.91
231,Tuatapere,NZ,2022-08-11 22:30:59,clear sky,-46.1333,167.6833,44.44,61,9,3.06
232,Nouadhibou,MR,2022-08-11 22:33:06,clear sky,20.931,-17.0347,71.58,83,5,23.02
233,Port Hardy,CA,2022-08-11 22:30:15,broken clouds,50.6996,-127.4199,64.58,88,75,3.44
234,Carmen,MX,2022-08-11 22:33:07,broken clouds,18.6333,-91.8333,75.24,94,75,4.61
235,Wattegama,LK,2022-08-11 22:33:07,overcast clouds,6.7989,81.4808,77.41,71,100,3.62
236,Hit,IQ,2022-08-11 22:33:08,clear sky,33.6416,42.8251,89.02,23,0,10.89
237,Bajil,YE,2022-08-11 22:33:08,overcast clouds,15.0584,43.2851,85.12,74,86,4.27
238,Kavieng,PG,2022-08-11 22:33:09,light rain,-2.5744,150.7967,81.77,77,97,9.84
239,Madaoua,NE,2022-08-11 22:33:09,overcast clouds,14.073,5.96,75.88,72,86,10.13
240,Kolosovka,RU,2022-08-11 22:33:10,clear sky,56.4678,73.611,58.44,87,3,1.1
241,Micheweni,TZ,2022-08-11 22:33:10,scattered clouds,-4.9667,39.8333,74.08,80,34,12.8
242,Ahipara,NZ,2022-08-11 22:32:55,scattered clouds,-35.1667,173.1667,54.88,63,27,11.39
243,Srandakan,ID,2022-08-11 22:33:10,broken clouds,-7.9386,110.2506,75.49,92,77,4.34
244,Xiaoweizhai,CN,2022-08-11 22:33:11,overcast clouds,26.1903,107.5125,70.79,97,98,2.71
245,Walvis Bay,NA,2022-08-11 22:33:11,clear sky,-22.9575,14.5053,52.09,93,0,4.61
246,Umm Lajj,SA,2022-08-11 22:33:12,overcast clouds,25.0213,37.2685,89.22,63,100,8.59
247,Eenhana,NA,2022-08-11 22:33:12,few clouds,-17.4667,16.3333,60.28,15,23,5.86
248,Talnakh,RU,2022-08-11 22:33:12,light rain,69.4865,88.3972,47.21,80,96,3.29
249,Kainantu,PG,2022-08-11 22:33:13,overcast clouds,-6.2887,145.8655,64.8,88,96,1.25
250,Dikson,RU,2022-08-11 22:33:10,overcast clouds,73.5069,80.5464,43.79,92,100,18.81
251,Torbay,CA,2022-08-11 22:32:21,light intensity drizzle,47.6666,-52.7314,59.29,94,100,6.91
252,Namibe,AO,2022-08-11 22:33:13,broken clouds,-15.1961,12.1522,60.94,90,52,8.52
253,Esmeraldas,BR,2022-08-11 22:33:14,broken clouds,-19.7625,-44.3139,70.66,46,64,4.18
254,Buarcos,PT,2022-08-11 22:33:14,clear sky,40.166,-8.8768,66.54,91,0,2.44
255,Nioro,GM,2022-08-11 22:33:14,overcast clouds,13.35,-15.75,78.06,83,93,4.81
256,Inongo,CD,2022-08-11 22:33:15,broken clouds,-1.95,18.2667,71.33,58,70,5.14
257,Fort Frances,CA,2022-08-11 22:33:15,clear sky,48.5999,-93.4003,77.16,45,0,0.0
258,Kyzyl-Suu,KG,2022-08-11 22:33:16,broken clouds,42.3414,78.0056,60.49,81,83,2.59
259,Villa Carlos Paz,AR,2022-08-11 22:33:16,overcast clouds,-31.4241,-64.4978,60.39,37,89,11.99
260,Saint-Joseph,RE,2022-08-11 22:33:16,scattered clouds,-21.3667,55.6167,63.21,71,30,11.77
261,Port Hedland,AU,2022-08-11 22:32:05,broken clouds,-20.3167,118.5667,64.45,34,75,12.66
262,Vao,NC,2022-08-11 22:33:17,few clouds,-22.6667,167.4833,68.16,59,11,20.11
263,Krasnyy Chikoy,RU,2022-08-11 22:33:17,overcast clouds,50.3643,108.7512,57.79,81,92,2.75
264,La Asuncion,VE,2022-08-11 22:33:18,broken clouds,11.0333,-63.8628,85.73,66,57,12.66
265,Birao,CF,2022-08-11 22:33:18,overcast clouds,10.2849,22.7882,70.9,98,100,4.38
266,Tessalit,ML,2022-08-11 22:33:19,broken clouds,20.1986,1.0114,96.15,24,53,9.17
267,Batagay-Alyta,RU,2022-08-11 22:33:19,overcast clouds,67.8006,130.4114,50.02,74,100,9.24
268,Meulaboh,ID,2022-08-11 22:33:20,overcast clouds,4.1363,96.1285,76.91,86,100,2.46
269,Harper,LR,2022-08-11 22:33:20,overcast clouds,4.375,-7.7169,76.42,76,100,9.82
270,Vardo,NO,2022-08-11 22:33:20,broken clouds,70.3705,31.1107,53.58,76,75,17.27
271,Soanierana Ivongo,MG,2022-08-11 22:33:21,light rain,-16.9167,49.5833,67.98,85,70,10.13
272,Yate,GB,2022-08-11 22:33:21,clear sky,51.5407,-2.4184,75.96,46,3,5.77
273,Henties Bay,NA,2022-08-11 22:33:21,clear sky,-22.116,14.2845,53.4,91,1,6.64
274,Nantucket,US,2022-08-11 22:34:22,overcast clouds,41.2835,-70.0995,71.74,88,100,6.91
275,Severo-Kurilsk,RU,2022-08-11 22:34:22,overcast clouds,50.6789,156.125,56.44,96,98,13.24
276,Wanaka,NZ,2022-08-11 22:34:23,few clouds,-44.7,169.15,36.1,77,24,0.87
277,Daytona Beach,US,2022-08-11 22:34:23,overcast clouds,29.2108,-81.0228,83.01,75,100,8.05
278,Ranfurly,NZ,2022-08-11 22:34:23,few clouds,-45.1333,170.1,32.94,84,12,3.62
279,Kyaukse,MM,2022-08-11 22:34:24,moderate rain,21.6,96.1333,77.95,85,97,7.34
280,Oussouye,SN,2022-08-11 22:34:24,overcast clouds,12.485,-16.5469,80.69,81,100,6.2
281,Igrim,RU,2022-08-11 22:34:24,overcast clouds,63.1906,64.4162,55.69,98,100,4.23
282,Wagar,SD,2022-08-11 22:34:25,scattered clouds,16.1525,36.2032,79.27,74,41,17.25
283,Pervomayskoye,RU,2022-08-11 22:34:25,clear sky,43.919,46.7102,79.66,49,3,17.87
284,Lewistown,US,2022-08-11 22:34:25,few clouds,40.5992,-77.5714,84.34,72,20,9.22
285,Arua,UG,2022-08-11 22:34:26,overcast clouds,3.0201,30.9111,62.44,84,97,0.47
286,Biak,ID,2022-08-11 22:34:26,overcast clouds,-0.9131,122.8766,76.96,85,95,1.3
287,Arrifes,PT,2022-08-11 22:34:27,broken clouds,37.7667,-25.7,71.85,78,75,9.22
288,Honiara,SB,2022-08-11 22:34:27,overcast clouds,-9.4333,159.95,79.97,83,100,2.37
289,Dunedin,NZ,2022-08-11 22:30:00,clear sky,-45.8742,170.5036,40.75,69,3,4.41
290,Zhoucheng,CN,2022-08-11 22:34:28,broken clouds,35.9122,116.3117,79.83,91,59,4.79
291,Winton,US,2022-08-11 22:34:28,clear sky,37.3894,-120.6133,98.62,23,0,10.36
292,Iqaluit,CA,2022-08-11 22:29:49,scattered clouds,63.7506,-68.5145,51.53,71,40,3.44
293,San Patricio,US,2022-08-11 22:34:28,overcast clouds,28.017,-97.5169,99.16,66,100,12.97
294,Manta,EC,2022-08-11 22:34:20,scattered clouds,-0.95,-80.7333,78.58,78,40,11.5
295,Mar Del Plata,AR,2022-08-11 22:30:34,clear sky,-38.0023,-57.5575,55.42,62,0,4.61
296,Santarem,BR,2022-08-11 22:34:02,clear sky,-2.4431,-54.7083,82.53,83,0,4.61
297,Xingyi,CN,2022-08-11 22:34:29,overcast clouds,24.1877,102.817,62.49,96,97,4.23
298,Yankton,US,2022-08-11 22:29:56,clear sky,42.8711,-97.3973,106.12,34,0,12.66
299,Itambacuri,BR,2022-08-11 22:34:30,overcast clouds,-18.0311,-41.685,68.43,36,100,3.11
300,Joshimath,IN,2022-08-11 22:34:30,scattered clouds,30.5667,79.5667,68.31,64,40,6.67
301,Rocha,UY,2022-08-11 22:34:30,clear sky,-34.4833,-54.3333,49.39,89,0,5.93
302,Tamandare,BR,2022-08-11 22:34:31,few clouds,-8.7597,-35.1047,74.41,83,18,4.68
303,Durres,AL,2022-08-11 22:34:31,overcast clouds,41.3231,19.4414,73.58,73,97,7.0
304,Amambai,BR,2022-08-11 22:34:31,clear sky,-23.1042,-55.2258,56.93,69,0,7.11
305,Wanning,CN,2022-08-11 22:34:32,overcast clouds,18.8003,110.3967,79.47,89,100,2.59
306,Dubrovka,RU,2022-08-11 22:34:32,clear sky,53.6907,33.5071,59.13,87,0,6.91
307,Agua Branca,BR,2022-08-11 22:34:33,clear sky,-5.8922,-42.6361,79.12,36,9,3.44
308,Norman Wells,CA,2022-08-11 22:34:33,few clouds,65.282,-126.8329,71.64,33,20,3.44
309,Ramnagar,IN,2022-08-11 22:29:40,clear sky,29.4,79.1167,77.11,71,8,3.27
310,Kieta,PG,2022-08-11 22:34:33,overcast clouds,-6.2167,155.6333,82.63,70,100,1.63
311,Mugumu,TZ,2022-08-11 22:34:34,overcast clouds,-1.85,34.7,67.06,52,98,4.34
312,Ponta Do Sol,PT,2022-08-11 22:30:09,broken clouds,32.6667,-17.1,71.71,75,53,1.95
313,Akdepe,TM,2022-08-11 22:34:34,clear sky,42.0551,59.3788,71.69,38,0,9.51
314,San Fernando,PH,2022-08-11 22:34:35,broken clouds,15.0286,120.6898,78.53,86,70,0.72
315,Hovd,MN,2022-08-11 22:34:35,clear sky,48.0056,91.6419,62.2,52,2,2.51
316,Tateyama,JP,2022-08-11 22:34:35,overcast clouds,34.9833,139.8667,83.1,82,95,18.88
317,Mayya,RU,2022-08-11 22:33:11,moderate rain,61.7333,130.2811,60.12,97,99,3.56
318,Orthez,FR,2022-08-11 22:34:36,broken clouds,43.4884,-0.7724,84.74,49,61,8.46
319,Pochutla,MX,2022-08-11 22:34:36,overcast clouds,15.7432,-96.4661,76.82,71,100,5.17
320,Taraz,KZ,2022-08-11 22:34:37,clear sky,42.9,71.3667,63.01,55,0,4.47
321,Chivay,PE,2022-08-11 22:34:37,few clouds,-15.6383,-71.6011,49.17,44,24,8.14
322,Ukiah,US,2022-08-11 22:30:02,clear sky,39.1502,-123.2078,94.44,37,0,8.05
323,Marawi,PH,2022-08-11 22:35:38,overcast clouds,7.9986,124.2928,70.21,86,86,2.57
324,Bara,NG,2022-08-11 22:35:38,overcast clouds,10.3744,10.7288,70.02,93,100,5.82
325,Sete,FR,2022-08-11 22:35:38,clear sky,43.4018,3.6966,77.95,80,0,4.38
326,Yanam,IN,2022-08-11 22:35:39,overcast clouds,16.7333,82.2167,77.47,91,100,6.11
327,Broome,US,2022-08-11 22:35:39,scattered clouds,42.2506,-75.833,77.54,50,40,16.11
328,Padang,ID,2022-08-11 22:31:46,broken clouds,-0.9492,100.3543,78.46,88,71,2.51
329,Khorramshahr,IR,2022-08-11 22:35:40,clear sky,30.4397,48.1664,94.96,28,0,4.61
330,Affery,CI,2022-08-11 22:35:40,overcast clouds,6.315,-3.9603,71.35,90,100,3.85
331,Klaksvik,FO,2022-08-11 22:35:41,overcast clouds,62.2266,-6.589,52.72,86,100,12.1
332,Taunggyi,MM,2022-08-11 22:35:41,moderate rain,20.7833,97.0333,62.96,99,100,4.32
333,Bobcaygeon,CA,2022-08-11 22:35:42,clear sky,44.5462,-78.542,75.88,35,1,9.37
334,Merauke,ID,2022-08-11 22:35:42,few clouds,-8.4667,140.3333,78.1,76,13,14.05
335,Seminole,US,2022-08-11 22:35:42,few clouds,28.7086,-81.2081,82.62,83,20,5.75
336,Balkanabat,TM,2022-08-11 22:35:43,clear sky,39.5108,54.3671,84.78,23,0,12.57
337,Haukipudas,FI,2022-08-11 22:35:43,scattered clouds,65.1765,25.3523,59.05,80,42,17.02
338,Sept-Iles,CA,2022-08-11 22:30:52,broken clouds,50.2001,-66.3821,64.92,87,75,8.05
339,Omboue,GA,2022-08-11 22:35:44,overcast clouds,-1.5746,9.2618,72.57,82,93,6.91
340,Plast,RU,2022-08-11 22:35:44,overcast clouds,54.3691,60.8136,54.9,93,88,8.03
341,Sitka,US,2022-08-11 22:35:44,broken clouds,57.0531,-135.33,66.09,72,75,3.44
342,Birin,NP,2022-08-11 22:35:45,broken clouds,26.8865,88.0718,63.07,87,53,3.65
343,Adrar,MR,2022-08-11 22:35:45,clear sky,20.5022,-10.0711,93.85,30,1,8.25
344,Katangli,RU,2022-08-11 22:35:45,broken clouds,51.7102,143.2326,58.42,87,82,7.31
345,Bonthe,SL,2022-08-11 22:35:46,light rain,7.5264,-12.505,76.12,88,87,8.84
346,Kirakira,SB,2022-08-11 22:35:46,moderate rain,-10.4544,161.9205,81.59,79,96,7.94
347,Marsa Matruh,EG,2022-08-11 22:35:47,few clouds,31.3525,27.2453,77.2,73,20,6.91
348,Ribeira Brava,PT,2022-08-11 22:35:47,broken clouds,32.65,-17.0667,70.72,77,58,1.95
349,Pacifica,US,2022-08-11 22:33:52,few clouds,37.6138,-122.4869,82.22,74,20,21.85
350,Katsuura,JP,2022-08-11 22:31:14,broken clouds,35.1333,140.3,82.63,80,51,20.04
351,Abonnema,NG,2022-08-11 22:35:48,light rain,4.7084,6.7931,75.49,92,100,3.15
352,Deputatskiy,RU,2022-08-11 22:35:48,overcast clouds,69.3,139.9,46.49,83,100,4.56
353,Malanje,AO,2022-08-11 22:35:48,scattered clouds,-9.5402,16.341,67.69,17,26,1.03
354,Skelleftea,SE,2022-08-11 22:35:49,overcast clouds,64.7507,20.9528,57.56,73,100,6.91
355,Barcelos,PT,2022-08-11 22:30:57,clear sky,41.5388,-8.6151,66.69,88,1,0.56
356,Misratah,LY,2022-08-11 22:35:49,clear sky,32.3754,15.0925,81.0,65,0,4.0
357,Port Hueneme,US,2022-08-11 22:35:50,clear sky,34.1478,-119.1951,100.78,59,0,17.27
358,Caravelas,BR,2022-08-11 22:35:50,overcast clouds,-17.7125,-39.2481,73.11,68,100,10.8
359,Vrbas,RS,2022-08-11 22:35:50,broken clouds,45.5714,19.6408,64.33,51,51,7.02
360,Peace River,CA,2022-08-11 22:35:51,scattered clouds,56.2501,-117.286,73.71,56,40,18.41
361,Sao Gabriel Da Cachoeira,BR,2022-08-11 22:35:51,broken clouds,-0.1303,-67.0892,76.78,81,51,0.56
362,Dwarka,IN,2022-08-11 22:35:52,overcast clouds,22.2394,68.9678,81.82,88,100,8.88
363,Smolenka,RU,2022-08-11 22:35:52,scattered clouds,52.1352,113.4974,57.27,77,40,4.47
364,Yar-Sale,RU,2022-08-11 22:35:53,overcast clouds,66.8333,70.8333,56.7,81,100,14.65
365,Nome,US,2022-08-11 22:35:53,overcast clouds,64.5011,-165.4064,51.87,82,100,10.36
366,Tripoli,LY,2022-08-11 22:35:53,clear sky,32.8752,13.1875,80.76,67,0,5.35
367,Haines Junction,CA,2022-08-11 22:35:54,overcast clouds,60.7522,-137.5108,60.19,75,100,4.16
368,Nanortalik,GL,2022-08-11 22:35:54,scattered clouds,60.1432,-45.2371,43.2,94,44,7.96
369,Genhe,CN,2022-08-11 22:35:54,scattered clouds,50.7833,121.5167,58.98,74,31,2.39
370,Daura,NG,2022-08-11 22:35:55,overcast clouds,11.5538,11.4085,70.34,85,89,9.28
371,Namatanai,PG,2022-08-11 22:35:55,light rain,-3.6667,152.4333,82.04,75,100,8.01
372,Banikoara,BJ,2022-08-11 22:36:56,light rain,11.2985,2.4386,68.74,97,100,5.17
373,Kushiro,JP,2022-08-11 22:36:56,light intensity shower rain,42.975,144.3747,68.95,100,75,6.91
374,Shimoni,KE,2022-08-11 22:36:57,light rain,-4.6476,39.3817,72.75,83,76,8.61
375,Turukhansk,RU,2022-08-11 22:36:57,clear sky,65.8167,87.9833,44.35,81,10,4.23
376,Formosa Do Rio Preto,BR,2022-08-11 22:36:57,clear sky,-11.0483,-45.1931,78.1,21,5,2.93
377,La Romana,DO,2022-08-11 22:36:58,broken clouds,18.4273,-68.9728,84.56,79,75,9.22
378,Beloha,MG,2022-08-11 22:36:58,clear sky,-25.1667,45.05,64.9,60,0,10.38
379,Progreso,MX,2022-08-11 22:36:59,broken clouds,21.2833,-89.6667,82.11,78,73,12.12
380,Odweyne,SO,2022-08-11 22:36:07,overcast clouds,9.4092,45.064,70.59,66,98,20.18
381,San Cristobal,VE,2022-08-11 22:36:59,overcast clouds,7.7669,-72.225,82.58,84,86,4.45
382,Rudnaya Pristan,RU,2022-08-11 22:36:59,clear sky,44.3614,135.8116,70.74,77,1,5.77
383,Grindavik,IS,2022-08-11 22:37:00,light intensity drizzle,63.8424,-22.4338,49.95,100,100,17.27
384,Faanui,PF,2022-08-11 22:37:00,clear sky,-16.4833,-151.75,78.4,75,10,14.52
385,Port Lincoln,AU,2022-08-11 22:36:15,broken clouds,-34.7333,135.8667,54.82,78,68,16.15
386,Gilbues,BR,2022-08-11 22:37:01,clear sky,-9.8317,-45.3439,79.41,22,5,3.65
387,Edd,ER,2022-08-11 22:37:01,light rain,13.9297,41.6925,86.43,67,100,3.0
388,Hirara,JP,2022-08-11 22:37:02,broken clouds,24.8,125.2833,82.26,94,75,2.3
389,Qui Nhon,VN,2022-08-11 22:34:57,overcast clouds,13.7667,109.2333,78.46,79,96,4.45
390,Tonantins,BR,2022-08-11 22:37:02,overcast clouds,-2.8731,-67.8022,77.95,78,100,2.24
391,Cidreira,BR,2022-08-11 22:37:03,clear sky,-30.1811,-50.2056,59.34,86,1,9.66
392,Leshukonskoye,RU,2022-08-11 22:37:03,light rain,64.8989,45.7622,59.36,96,100,9.84
393,Raub,MY,2022-08-11 22:37:04,broken clouds,3.7899,101.857,73.85,94,71,1.32
394,Silver City,US,2022-08-11 22:37:03,clear sky,32.7701,-108.2803,82.69,44,0,6.91
395,Sorland,NO,2022-08-11 22:37:04,overcast clouds,67.667,12.6934,49.86,81,95,25.14
396,Naryan-Mar,RU,2022-08-11 22:37:05,moderate rain,67.6713,53.087,57.9,97,100,11.14
397,Penzance,GB,2022-08-11 22:37:05,clear sky,50.1186,-5.5371,68.68,80,0,10.22
398,Moerai,PF,2022-08-11 22:37:05,clear sky,-22.4333,-151.3333,72.95,76,2,6.73
399,Lac Du Bonnet,CA,2022-08-11 22:37:06,overcast clouds,50.2536,-96.0612,77.68,37,99,5.57
400,Acarau,BR,2022-08-11 22:37:06,overcast clouds,-2.8856,-40.12,77.65,82,86,16.44
401,Sitrah,BH,2022-08-11 22:37:07,few clouds,26.1547,50.6206,97.02,62,12,3.44
402,Puerto Ayacucho,VE,2022-08-11 22:37:07,overcast clouds,5.6639,-67.6236,78.1,85,99,2.75
403,Sioux Lookout,CA,2022-08-11 22:37:08,scattered clouds,50.1001,-91.917,73.47,38,40,4.61
404,Moron,AR,2022-08-11 22:37:08,clear sky,-34.6534,-58.6198,59.97,62,0,7.36
405,Suncuius,RO,2022-08-11 22:37:08,overcast clouds,46.9333,22.5333,63.7,57,94,5.12
406,Terrace Bay,CA,2022-08-11 22:37:09,clear sky,48.7834,-87.1,63.57,54,2,7.02
407,Diamantino,BR,2022-08-11 22:37:09,clear sky,-14.4086,-56.4461,68.52,33,0,4.94
408,Along,IN,2022-08-11 22:37:10,broken clouds,28.1667,94.7667,74.57,98,54,0.76
409,Hanna,CA,2022-08-11 22:37:10,few clouds,51.6334,-111.9018,89.85,32,19,5.01
410,Basco,PH,2022-08-11 22:37:11,overcast clouds,20.4487,121.9702,84.31,69,100,4.0
411,Yumen,CN,2022-08-11 22:37:11,clear sky,40.2833,97.2,76.71,31,2,13.78
412,Amarante Do Maranhao,BR,2022-08-11 22:37:11,clear sky,-5.5667,-46.7422,80.83,35,5,3.15
413,Honningsvag,NO,2022-08-11 22:37:12,moderate rain,70.9821,25.9704,51.55,82,100,46.04
414,Sibut,CF,2022-08-11 22:37:12,overcast clouds,5.718,19.0739,71.22,95,100,3.89
415,East Wenatchee Bench,US,2022-08-11 22:37:13,clear sky,47.4257,-120.2812,95.18,27,0,10.36
416,Gilleleje,DK,2022-08-11 22:37:13,clear sky,56.122,12.3106,65.03,87,4,8.03
417,Tokmak,UA,2022-08-11 22:37:13,light rain,47.2514,35.7058,78.35,44,100,19.39
418,San Quintin,MX,2022-08-11 22:34:56,overcast clouds,30.4833,-115.95,76.6,70,99,14.16
419,Korgen,NO,2022-08-11 22:38:14,overcast clouds,66.0771,13.8153,52.12,91,100,6.96
420,Peniche,PT,2022-08-11 22:38:14,clear sky,39.3558,-9.3811,67.28,93,0,4.16
421,Georgetown,MY,2022-08-11 22:36:24,few clouds,5.4112,100.3354,81.9,90,20,1.14
422,General Roca,AR,2022-08-11 22:38:15,overcast clouds,-39.0333,-67.5833,52.63,44,97,0.49
423,Yemtsa,RU,2022-08-11 22:38:15,light rain,63.0734,40.3329,61.48,87,100,9.78
424,Umm Kaddadah,SD,2022-08-11 22:38:16,light rain,13.6017,26.6876,76.66,77,95,15.55
425,Eureka,US,2022-08-11 22:36:49,few clouds,40.8021,-124.1637,76.68,75,12,8.99
426,Bethel,US,2022-08-11 22:38:16,clear sky,41.3712,-73.414,88.18,52,0,4.61
427,Opuwo,NA,2022-08-11 22:38:17,clear sky,-18.0607,13.84,64.47,17,3,3.09
428,Palmer,US,2022-08-11 22:34:15,broken clouds,42.1584,-72.3287,83.8,51,75,8.05
429,Vilhena,BR,2022-08-11 22:36:16,clear sky,-12.7406,-60.1458,79.02,41,0,6.91
430,Chumikan,RU,2022-08-11 22:38:17,overcast clouds,54.7183,135.315,55.83,94,100,6.08
431,Yenagoa,NG,2022-08-11 22:38:18,overcast clouds,4.9247,6.2642,74.03,95,100,3.78
432,Veraval,IN,2022-08-11 22:38:18,overcast clouds,20.9,70.3667,80.85,90,97,26.28
433,Kosh-Agach,RU,2022-08-11 22:38:19,clear sky,50.0,88.6667,46.45,89,7,3.18
434,Tiksi,RU,2022-08-11 22:38:19,overcast clouds,71.6872,128.8694,39.63,94,100,10.6
435,Sinnamary,GF,2022-08-11 22:38:20,scattered clouds,5.3833,-52.95,79.54,79,30,7.4
436,Weihe,CN,2022-08-11 22:38:20,broken clouds,32.9952,105.3247,69.96,97,64,3.74
437,Giddalur,IN,2022-08-11 22:38:20,overcast clouds,15.35,78.9167,76.77,77,100,14.72
438,Mulchen,CL,2022-08-11 22:38:21,overcast clouds,-37.7167,-72.2333,55.26,86,99,0.85
439,Longhua,CN,2022-08-11 22:38:21,scattered clouds,23.6137,114.1919,76.37,95,33,1.19
440,Aranda De Duero,ES,2022-08-11 22:38:21,scattered clouds,41.6704,-3.6892,75.69,34,37,0.72
441,Sambava,MG,2022-08-11 22:38:22,light rain,-14.2667,50.1667,68.59,80,67,12.84
442,Camiri,BO,2022-08-11 22:38:22,clear sky,-20.05,-63.5167,71.38,24,0,4.61
443,Udachnyy,RU,2022-08-11 22:38:23,light rain,66.4167,112.4,48.45,93,100,19.82
444,Kalashnikovo,RU,2022-08-11 22:38:23,broken clouds,57.2824,35.2262,55.0,82,62,4.09
445,Ponta Delgada,PT,2022-08-11 22:38:23,broken clouds,37.7333,-25.6667,74.12,78,75,9.22
446,Camacha,PT,2022-08-11 22:38:24,few clouds,33.0833,-16.3333,67.42,78,20,5.75
447,Pau,FR,2022-08-11 22:34:28,clear sky,43.4167,-0.5833,84.11,73,0,2.3
448,Margate,GB,2022-08-11 22:35:35,clear sky,51.3813,1.3862,68.7,88,2,3.0
449,Matara,LK,2022-08-11 22:38:24,overcast clouds,5.9485,80.5353,76.75,92,87,8.39
450,Ampanihy,MG,2022-08-11 22:38:25,clear sky,-24.7,44.75,63.41,58,0,6.2
451,Oksfjord,NO,2022-08-11 22:38:25,light rain,70.2396,22.3479,53.67,93,100,37.67
452,Cayenne,GF,2022-08-11 22:38:26,clear sky,4.9333,-52.3333,83.08,1,0,4.61
453,Zhigansk,RU,2022-08-11 22:38:26,broken clouds,66.7697,123.3711,50.0,70,58,23.71
454,Santa Lucia,ES,2022-08-11 22:35:22,few clouds,27.9117,-15.5407,65.52,73,20,21.85
455,Taoudenni,ML,2022-08-11 22:38:27,clear sky,22.6783,-3.9836,100.72,10,0,2.33
456,Severo-Yeniseyskiy,RU,2022-08-11 22:38:27,clear sky,60.3725,93.0408,42.26,88,3,2.37
457,Luderitz,NA,2022-08-11 22:38:28,scattered clouds,-26.6481,15.1594,55.56,87,42,7.34
458,Martapura,ID,2022-08-11 22:38:28,overcast clouds,-3.4167,114.85,77.09,94,100,2.3
459,Nador,MA,2022-08-11 22:38:28,clear sky,35.174,-2.9287,80.85,78,0,3.44
460,Marrakesh,MA,2022-08-11 22:35:03,scattered clouds,31.6315,-8.0083,86.07,42,40,4.61
461,Polikhronon,GR,2022-08-11 22:38:29,broken clouds,40.0166,23.5283,77.41,66,78,11.59
462,Hearst,CA,2022-08-11 22:38:29,clear sky,49.6835,-83.6665,67.23,42,1,6.06
463,Porto Novo,BJ,2022-08-11 22:36:01,overcast clouds,6.4965,2.6036,76.82,85,100,7.49
464,West Wendover,US,2022-08-11 22:39:30,clear sky,40.7391,-114.0733,85.21,37,0,6.91
465,Filadelfia,US,2022-08-11 22:35:54,scattered clouds,39.9523,-75.1638,90.9,43,40,10.36
466,Half Moon Bay,US,2022-08-11 22:39:30,few clouds,37.4636,-122.4286,84.58,63,20,21.85
467,Almaty,KZ,2022-08-11 22:39:10,overcast clouds,43.25,76.95,69.71,53,100,8.95
468,Fort Wellington,GY,2022-08-11 22:39:31,few clouds,6.4,-57.6,79.79,81,14,7.25
469,Coos Bay,US,2022-08-11 22:39:31,mist,43.3665,-124.2179,75.31,94,100,8.05
470,Buta,CD,2022-08-11 22:39:32,overcast clouds,2.7858,24.73,70.25,98,100,2.01
471,Atasu,KZ,2022-08-11 22:39:32,few clouds,48.6814,71.6433,61.02,82,14,7.25
472,Nelson Bay,AU,2022-08-11 22:39:32,light rain,-32.7167,152.15,55.11,99,100,3.0
473,Chapais,CA,2022-08-11 22:39:33,overcast clouds,49.7834,-74.8492,51.58,96,100,7.94
474,Guaratuba,BR,2022-08-11 22:39:33,overcast clouds,-25.8828,-48.5747,58.95,88,87,5.99
475,Bathsheba,BB,2022-08-11 22:39:34,scattered clouds,13.2167,-59.5167,83.01,78,40,13.8
476,Mbaiki,CF,2022-08-11 22:39:34,overcast clouds,3.8678,17.9892,70.27,95,100,3.85
477,Kokkola,FI,2022-08-11 22:39:34,clear sky,63.8385,23.1307,61.93,85,0,8.05
478,Vagur,FO,2022-08-11 22:37:13,overcast clouds,61.4732,-6.8119,51.76,86,100,14.65
479,Geraldton,AU,2022-08-11 22:39:35,clear sky,-28.7667,114.6,50.41,76,0,16.11
480,Santa Vitoria Do Palmar,BR,2022-08-11 22:39:35,few clouds,-33.5189,-53.3681,53.64,87,19,6.04
481,Pitimbu,BR,2022-08-11 22:39:36,broken clouds,-7.4706,-34.8086,75.79,80,54,5.88
482,Mehamn,NO,2022-08-11 22:35:38,moderate rain,71.0357,27.8492,51.71,93,100,23.02
483,Chicama,PE,2022-08-11 22:38:21,scattered clouds,-7.8447,-79.1469,61.34,73,28,8.32
484,El Carmen,CO,2022-08-11 22:39:36,broken clouds,8.5106,-73.4478,71.28,92,69,3.04
485,Imeni Poliny Osipenko,RU,2022-08-11 22:39:37,overcast clouds,52.4201,136.4853,56.16,92,100,5.32
486,Saint-Ambroise,CA,2022-08-11 22:39:37,broken clouds,48.5501,-71.3324,70.12,68,52,10.31
487,Kosai,JP,2022-08-11 22:39:38,overcast clouds,34.7105,137.5316,83.86,86,99,10.0
488,Hofn,IS,2022-08-11 22:39:38,broken clouds,64.2539,-15.2082,51.55,86,56,14.16
489,Quatre Cocos,MU,2022-08-11 22:38:56,light rain,-20.2078,57.7625,69.1,76,89,15.21
490,Lata,PT,2022-08-11 22:39:38,clear sky,40.1629,-8.3327,59.54,95,0,1.07
491,Norsup,VU,2022-08-11 22:39:39,few clouds,-16.0667,167.3833,77.11,58,20,16.75
492,Rehoboth,NA,2022-08-11 22:39:39,clear sky,-23.3167,17.0833,60.4,15,7,9.08
493,Salalah,OM,2022-08-11 22:38:12,mist,17.0151,54.0924,77.09,100,100,3.44
494,Leningradskiy,RU,2022-08-11 22:37:39,overcast clouds,69.3833,178.4167,50.9,73,99,2.21
495,Kiunga,PG,2022-08-11 22:39:40,overcast clouds,-6.1219,141.2906,73.49,99,100,2.55
496,San Felipe,VE,2022-08-11 22:39:40,scattered clouds,10.3399,-68.7425,77.99,77,42,2.64
497,Knevichi,RU,2022-08-11 22:39:41,mist,43.3992,132.1803,66.22,100,100,2.24
498,Nuristan,AF,2022-08-11 22:39:41,broken clouds,35.3,70.8333,50.49,86,75,0.89
499,Emba,KZ,2022-08-11 22:39:42,broken clouds,48.8264,58.1442,78.26,34,74,4.54
500,Nago,JP,2022-08-11 22:39:42,overcast clouds,26.5881,127.9761,81.03,82,100,4.61
501,Itaituba,BR,2022-08-11 22:36:09,overcast clouds,-4.2761,-55.9836,83.5,41,94,1.21
502,Lokossa,BJ,2022-08-11 22:39:43,overcast clouds,6.6387,1.7167,74.52,81,94,6.71
503,Leninskoye,KZ,2022-08-11 22:39:43,clear sky,41.7589,69.3864,67.6,33,0,4.41
504,Cedar City,US,2022-08-11 22:39:43,thunderstorm,37.6775,-113.0619,70.77,64,75,20.71
505,Askiz,RU,2022-08-11 22:39:44,overcast clouds,53.1319,90.5264,57.38,88,88,4.97
506,Uchaly,RU,2022-08-11 22:39:44,broken clouds,54.2996,59.4521,51.73,92,68,5.1
507,Hengshui,CN,2022-08-11 22:39:45,scattered clouds,37.7322,115.7011,75.96,91,37,3.83
508,Neiafu,TO,2022-08-11 22:40:45,broken clouds,-18.65,-173.9833,75.88,88,75,6.91
509,Gobabis,NA,2022-08-11 22:40:45,clear sky,-22.45,18.9667,58.84,15,0,6.98
510,Anadyr,RU,2022-08-11 22:40:46,light rain,64.75,177.4833,59.5,76,75,4.47
511,Lethem,GY,2022-08-11 22:40:46,broken clouds,3.3803,-59.7968,80.2,72,81,1.7
512,Lloydminster,CA,2022-08-11 22:40:47,broken clouds,53.2835,-110.0016,82.62,54,75,3.44
513,Manzanillo,CU,2022-08-11 22:40:47,broken clouds,20.3433,-77.1167,81.91,68,83,4.29
514,Ippy,CF,2022-08-11 22:40:47,light rain,6.2679,21.2247,69.42,97,100,4.12
515,Svobodnyy,RU,2022-08-11 22:40:48,broken clouds,51.4,128.1333,59.92,81,58,5.95
516,Guanare,VE,2022-08-11 22:40:48,broken clouds,9.0418,-69.7421,75.87,92,62,1.88
517,Ulladulla,AU,2022-08-11 22:40:49,overcast clouds,-35.35,150.4667,57.22,71,100,4.56
518,Mayo,US,2022-08-11 22:40:42,clear sky,38.8876,-76.5119,88.21,55,0,8.05
519,Bria,CF,2022-08-11 22:40:49,light rain,6.5423,21.9863,69.93,98,100,4.94
520,Kalmunai,LK,2022-08-11 22:40:50,overcast clouds,7.4167,81.8167,78.66,79,100,3.33
521,Sroda Wielkopolska,PL,2022-08-11 22:40:50,scattered clouds,52.2284,17.2762,65.89,61,40,5.97
522,Hobyo,SO,2022-08-11 22:40:50,scattered clouds,5.3505,48.5268,76.05,75,35,23.51
523,Pa Sang,TH,2022-08-11 22:40:51,moderate rain,18.5262,98.9394,77.85,97,100,2.57
524,Tiznit,MA,2022-08-11 22:37:20,clear sky,29.5833,-9.5,75.02,60,8,0.25
525,Zaysan,KZ,2022-08-11 22:40:51,broken clouds,47.4667,84.8667,67.82,40,76,5.28
526,Bandarbeyla,SO,2022-08-11 22:40:51,overcast clouds,9.4942,50.8122,76.62,77,100,26.96
527,Mpraeso,GH,2022-08-11 22:40:52,overcast clouds,6.5932,-0.7346,69.35,88,99,3.83
528,Ola,RU,2022-08-11 22:40:52,overcast clouds,59.5833,151.2833,61.14,83,89,3.29
529,Kyra,RU,2022-08-11 22:40:53,clear sky,49.5776,111.9753,55.63,72,8,3.11
530,Sao Felix Do Xingu,BR,2022-08-11 22:40:53,clear sky,-6.6447,-51.995,81.09,41,8,2.04
531,Flinders,AU,2022-08-11 22:40:53,overcast clouds,-34.5833,150.8552,58.37,82,100,1.99
532,Frederikshavn,DK,2022-08-11 22:40:54,clear sky,57.4407,10.5366,60.19,81,5,7.14
533,Nangong,CN,2022-08-11 22:40:54,broken clouds,37.3581,115.3744,75.42,96,65,2.35
534,Dumai,ID,2022-08-11 22:40:54,overcast clouds,1.6833,101.45,74.46,97,85,2.15
535,Erenhot,CN,2022-08-11 22:40:55,overcast clouds,43.6475,111.9767,69.42,48,88,15.41
536,Ardesen,TR,2022-08-11 22:40:55,scattered clouds,41.1911,40.9875,77.07,72,32,2.17
537,Bonavista,CA,2022-08-11 22:40:56,overcast clouds,48.6499,-53.1147,57.65,86,94,10.92
538,Barkhan,PK,2022-08-11 22:40:56,clear sky,29.8977,69.5256,78.64,68,1,4.68
539,Korhogo,CI,2022-08-11 22:40:56,overcast clouds,9.45,-5.6333,72.3,90,100,4.9
540,Lugo,ES,2022-08-11 22:40:57,clear sky,43.0,-7.5,66.9,96,0,1.36
541,Port Keats,AU,2022-08-11 22:40:57,clear sky,-14.25,129.55,74.79,44,0,10.92
542,Palaikastron,GR,2022-08-11 22:40:58,clear sky,35.2,26.25,76.33,74,0,21.09
543,Riyadh,SA,2022-08-11 22:40:58,few clouds,24.6877,46.7219,98.74,19,16,13.4
544,Byron Bay,AU,2022-08-11 22:39:40,overcast clouds,-28.65,153.6167,63.79,72,100,7.65
545,Najran,SA,2022-08-11 22:38:38,overcast clouds,17.4924,44.1277,84.85,38,95,11.36
546,Kailua,US,2022-08-11 22:37:31,broken clouds,21.4022,-157.7394,87.78,70,75,16.11
547,Uspenka,UA,2022-08-11 22:40:59,overcast clouds,48.3903,39.1619,78.1,38,99,8.63
548,Goderich,CA,2022-08-11 22:40:59,clear sky,43.7501,-81.7165,68.92,58,0,14.94
549,Wanlaweyn,SO,2022-08-11 22:41:00,scattered clouds,2.6185,44.8938,72.36,80,29,13.44
550,Muroto,JP,2022-08-11 22:41:00,overcast clouds,33.2833,134.15,82.69,79,100,7.94
551,Quelimane,MZ,2022-08-11 22:41:00,clear sky,-17.8786,36.8883,67.95,94,0,3.44
552,Aksu,CN,2022-08-11 22:38:45,overcast clouds,41.1231,80.2644,80.71,37,99,5.26
553,Somerset,US,2022-08-11 22:40:48,few clouds,40.5668,-74.5496,91.58,40,20,4.61
554,Kangar,MY,2022-08-11 22:38:18,overcast clouds,6.4414,100.1986,78.76,90,98,2.35
555,Rebrikha,RU,2022-08-11 22:41:01,broken clouds,53.0733,82.3408,58.64,91,70,1.59
556,Chulman,RU,2022-08-11 22:42:02,light rain,56.8479,124.9104,52.39,96,100,5.79
557,Sur,OM,2022-08-11 22:42:02,overcast clouds,22.5667,59.5289,89.56,59,100,2.15
558,Qaqortoq,GL,2022-08-11 22:42:03,scattered clouds,60.7167,-46.0333,44.17,92,31,1.7
559,Kinshasa,CD,2022-08-11 22:40:18,overcast clouds,-4.3246,15.3215,75.47,51,100,2.93
560,Luganville,VU,2022-08-11 22:42:03,broken clouds,-15.5333,167.1667,77.07,60,61,11.43
561,Manakara,MG,2022-08-11 22:42:04,light rain,-22.1333,48.0167,65.01,87,76,5.01
562,Takoradi,GH,2022-08-11 22:42:04,overcast clouds,4.8845,-1.7554,74.44,84,100,7.67
563,Pascagoula,US,2022-08-11 22:42:03,clear sky,30.3658,-88.5561,85.03,76,0,5.75
564,Syracuse,IT,2022-08-11 22:42:05,clear sky,37.0881,15.2792,72.99,63,7,2.13
565,Dzaoudzi,YT,2022-08-11 22:42:05,clear sky,-12.7887,45.2699,69.69,94,0,4.61
566,Oran,DZ,2022-08-11 22:42:06,scattered clouds,35.6911,-0.6417,78.51,83,40,8.05
567,Reinbek,DE,2022-08-11 22:42:06,clear sky,53.5167,10.25,67.53,69,5,6.73
568,Bairiki,KI,2022-08-11 22:42:06,scattered clouds,1.3292,172.9752,84.2,74,40,10.36
569,Sibolga,ID,2022-08-11 22:40:13,broken clouds,1.7427,98.7792,74.95,75,55,3.89
570,Kouango,CF,2022-08-11 22:42:07,light rain,4.9934,19.9619,71.64,96,100,1.43
571,Paamiut,GL,2022-08-11 22:42:07,few clouds,61.994,-49.6678,43.14,92,23,5.37
572,Amapa,BR,2022-08-11 22:42:08,broken clouds,1.0,-52.0,73.38,87,54,3.94
573,Staroye Drozhzhanoye,RU,2022-08-11 22:42:08,clear sky,54.7266,47.5677,57.85,83,1,2.44
574,Ambovombe,MG,2022-08-11 22:42:09,clear sky,-25.1667,46.0833,62.73,77,0,5.53
575,Lano,NG,2022-08-11 22:42:09,overcast clouds,10.1725,11.4715,71.49,91,100,5.77
576,Teya,RU,2022-08-11 22:42:10,clear sky,60.3778,92.6267,44.64,90,1,2.89
577,Sumbe,AO,2022-08-11 22:42:10,overcast clouds,-11.2061,13.8437,67.46,89,86,4.74
578,Zhuanghe,CN,2022-08-11 22:42:10,scattered clouds,39.7008,122.9911,73.33,81,46,0.27
579,Ostrovnoy,RU,2022-08-11 22:42:11,clear sky,68.0531,39.5131,52.09,84,5,18.43
580,Winnemucca,US,2022-08-11 22:42:11,clear sky,40.973,-117.7357,93.25,26,0,10.8
581,Mangai,CD,2022-08-11 22:42:11,overcast clouds,-4.05,19.5333,74.97,25,93,1.74
582,Lubao,PH,2022-08-11 22:42:12,broken clouds,14.9167,120.55,78.51,85,66,0.72
583,Diego De Almagro,CL,2022-08-11 22:42:12,overcast clouds,-26.3667,-70.05,59.68,46,100,3.09
584,Kabare,CD,2022-08-11 22:42:13,overcast clouds,-2.4683,28.8242,66.65,64,97,0.65
585,Cuenca,EC,2022-08-11 22:38:56,broken clouds,-2.8833,-78.9833,57.33,72,75,8.05
586,Thunder Bay,CA,2022-08-11 22:40:05,few clouds,48.4001,-89.3168,75.11,33,20,8.05
587,Whyalla,AU,2022-08-11 22:42:13,clear sky,-33.0333,137.5833,51.75,80,8,16.08
588,Kloulklubed,PW,2022-08-11 22:42:13,moderate rain,7.0419,134.2556,73.9,72,100,4.38
589,Lazaro Cardenas,MX,2022-08-11 22:42:14,overcast clouds,17.9583,-102.2,84.24,70,100,4.41
590,Conceicao Do Coite,BR,2022-08-11 22:42:14,clear sky,-11.5639,-39.2828,71.64,57,0,10.56
591,Sao Joao Da Ponte,BR,2022-08-11 22:42:15,broken clouds,-15.9292,-44.0078,69.96,36,83,5.99
592,Gouyave,GD,2022-08-11 22:42:15,scattered clouds,12.1646,-61.7296,84.97,74,40,2.3
593,Port Augusta,AU,2022-08-11 22:42:15,scattered clouds,-32.5,137.7667,51.3,84,29,5.84
594,Puerto Baquerizo Moreno,EC,2022-08-11 22:42:16,light intensity drizzle rain,-0.9,-89.6,70.79,94,100,6.91
595,Carora,VE,2022-08-11 22:42:16,overcast clouds,10.1755,-70.0827,87.04,48,90,12.95
596,Nandi Hills,KE,2022-08-11 22:42:17,overcast clouds,0.1066,35.1838,56.64,91,100,2.1
597,Alice Springs,AU,2022-08-11 22:39:25,clear sky,-23.7,133.8833,47.21,60,0,6.91
598,Knysna,ZA,2022-08-11 22:42:17,overcast clouds,-34.0363,23.0471,56.14,91,99,3.33
599,Tura,IN,2022-08-11 22:40:13,few clouds,25.5198,90.2201,73.2,93,23,5.23
600,Jabinyanah,TN,2022-08-11 22:42:48,clear sky,35.035,10.9081,84.0,66,0,6.78
601,Eyl,SO,2022-08-11 22:43:18,broken clouds,7.9803,49.8164,77.58,69,83,22.73
602,Asfi,MA,2022-08-11 22:43:18,clear sky,32.2994,-9.2372,71.17,78,0,9.75
603,Huilong,CN,2022-08-11 22:43:18,broken clouds,31.8111,121.655,86.94,81,77,5.7
604,Bocana De Paiwas,NI,2022-08-11 22:43:19,overcast clouds,12.7857,-85.1227,76.28,92,99,8.61
605,Voh,NC,2022-08-11 22:43:19,clear sky,-20.9667,164.7,72.79,47,0,6.35
606,Hambantota,LK,2022-08-11 22:43:20,light rain,6.1241,81.1185,78.39,85,100,18.23
607,Pakdasht,IR,2022-08-11 22:43:20,clear sky,35.4752,51.6807,86.0,16,0,8.68
608,Iquitos,PE,2022-08-11 22:43:21,overcast clouds,-3.7481,-73.2472,77.04,78,100,4.61
609,Lima,PE,2022-08-11 22:43:21,broken clouds,-12.0432,-77.0282,59.25,77,75,10.36
610,Yabrud,SY,2022-08-11 22:43:22,clear sky,33.9674,36.6574,65.28,56,0,2.17
611,Puri,IN,2022-08-11 22:43:22,overcast clouds,19.8,85.85,81.12,86,99,6.06
612,Yabelo,ET,2022-08-11 22:43:22,overcast clouds,4.8833,38.0833,58.26,78,99,11.12
613,Tanete,ID,2022-08-11 22:43:23,overcast clouds,-3.9443,119.7848,75.43,94,97,2.3
614,Carbonia,IT,2022-08-11 22:43:23,clear sky,39.1672,8.5222,68.95,71,0,3.42
615,Celestun,MX,2022-08-11 22:43:23,few clouds,20.8667,-90.4,83.66,74,24,14.05
616,Ust-Ilimsk,RU,2022-08-11 22:43:24,light rain,58.0006,102.6619,55.27,93,27,2.35
617,Jinan,CN,2022-08-11 22:43:24,broken clouds,36.6683,116.9972,81.75,86,75,3.13
618,Vanavara,RU,2022-08-11 22:43:24,few clouds,60.34,102.2797,51.53,91,19,2.51
619,Monte Santo De Minas,BR,2022-08-11 22:39:42,clear sky,-21.1897,-46.9803,53.67,73,0,5.46
620,Owase,JP,2022-08-11 22:43:25,light rain,34.0667,136.2,79.99,91,100,4.52
621,Astara,AZ,2022-08-11 22:43:25,clear sky,38.5,48.6667,67.98,51,0,2.37
622,Nsunga,TZ,2022-08-11 22:43:26,broken clouds,-1.1439,31.3947,64.94,66,69,3.71
623,Berdigestyakh,RU,2022-08-11 22:43:26,scattered clouds,62.0989,126.6992,65.25,73,35,2.53
624,Cockburn Town,TC,2022-08-11 22:43:21,few clouds,21.4612,-71.1419,81.91,76,11,18.72
625,Saint Anthony,US,2022-08-11 22:41:47,few clouds,45.0205,-93.218,84.34,43,20,10.36
626,Nicoya,CR,2022-08-11 22:40:23,overcast clouds,10.1483,-85.452,76.91,90,99,2.68
627,Rawson,AR,2022-08-11 22:43:27,scattered clouds,-43.3002,-65.1023,53.62,46,26,5.53
628,Arbagar,RU,2022-08-11 22:43:27,light rain,51.9438,116.2805,59.07,84,87,3.85
629,Morro Bay,US,2022-08-11 22:43:28,broken clouds,35.3658,-120.8499,100.18,49,51,7.0
630,Gilgit,PK,2022-08-11 22:43:28,scattered clouds,35.9221,74.3087,80.56,62,26,5.37
631,Almaznyy,RU,2022-08-11 22:43:29,overcast clouds,48.0448,40.045,78.26,34,100,9.1
632,Monrovia,LR,2022-08-11 22:43:29,overcast clouds,6.3005,-10.7969,76.57,83,100,11.36
633,Monteagudo,BO,2022-08-11 22:43:29,clear sky,-19.8167,-63.9833,53.64,47,0,1.19
634,Menongue,AO,2022-08-11 22:41:38,clear sky,-14.6585,17.691,55.38,23,3,4.47
635,Itigi,TZ,2022-08-11 22:43:30,scattered clouds,-5.7,34.4833,61.88,67,26,9.69
636,Kaeo,NZ,2022-08-11 22:42:08,clear sky,-35.1,173.7833,55.33,70,0,8.5
637,Kennett,US,2022-08-11 22:43:30,few clouds,36.2362,-90.0556,88.97,65,20,9.22
638,Solikamsk,RU,2022-08-11 22:43:31,overcast clouds,59.6196,56.7729,55.87,71,91,5.97
639,Naze,JP,2022-08-11 22:43:31,overcast clouds,28.3667,129.4833,79.72,78,100,5.41
640,Cubuk,TR,2022-08-11 22:43:32,clear sky,40.2386,33.0322,67.75,63,0,1.14
641,Salinopolis,BR,2022-08-11 22:43:32,broken clouds,-0.6136,-47.3561,78.8,84,63,11.95
642,Amurzet,RU,2022-08-11 22:43:32,overcast clouds,47.6967,131.0981,63.9,81,94,6.64
643,El Sauzal,MX,2022-08-11 22:44:33,scattered clouds,31.9,-116.6833,78.42,74,49,5.7
644,Markova,UA,2022-08-11 22:44:33,few clouds,48.6758,24.4138,53.4,91,19,3.62
645,College,US,2022-08-11 22:44:34,scattered clouds,64.8569,-147.8028,70.07,43,40,5.75
646,Amalapuram,IN,2022-08-11 22:44:34,overcast clouds,16.5833,82.0167,77.5,90,100,6.89
647,Pafos,CY,2022-08-11 22:42:08,clear sky,34.7667,32.4167,76.78,78,0,6.91
648,Astoria,US,2022-08-11 22:44:35,clear sky,46.1879,-123.8313,79.59,68,0,11.5
649,Fairbanks,US,2022-08-11 22:44:35,scattered clouds,64.8378,-147.7164,70.09,43,40,5.75
650,Hay River,CA,2022-08-11 22:40:46,few clouds,60.8156,-115.7999,64.36,45,20,4.61
651,Irbeyskoye,RU,2022-08-11 22:44:35,broken clouds,55.6428,95.4522,57.4,85,52,1.12
652,Moundou,TD,2022-08-11 22:44:36,overcast clouds,8.5667,16.0833,71.47,93,100,4.79
653,Jaguaruna,BR,2022-08-11 22:44:36,scattered clouds,-28.615,-49.0256,57.99,88,25,1.86
654,Tommot,RU,2022-08-11 22:44:37,overcast clouds,58.9564,126.2925,57.45,98,100,1.1
655,Marzuq,YE,2022-08-11 22:44:37,overcast clouds,14.4,46.4667,78.85,65,100,7.63
656,Ketchikan,US,2022-08-11 22:43:10,scattered clouds,55.3422,-131.6461,66.67,68,40,14.97
657,Maku,IR,2022-08-11 22:44:38,clear sky,39.2911,44.4521,70.25,64,0,2.37
658,Kualakapuas,ID,2022-08-11 22:44:38,scattered clouds,-3.0091,114.3876,73.78,93,50,2.37
659,Ngerengere,TZ,2022-08-11 22:44:38,scattered clouds,-6.75,38.1167,66.25,90,42,2.06
660,Manokwari,ID,2022-08-11 22:44:39,scattered clouds,-0.8667,134.0833,80.49,72,39,1.1
661,Billings,US,2022-08-11 22:41:37,scattered clouds,45.7833,-108.5007,96.67,24,40,11.99
662,Macherla,IN,2022-08-11 22:44:39,overcast clouds,16.4833,79.4333,79.99,71,94,13.69
663,Madimba,TZ,2022-08-11 22:44:40,light rain,-10.4,40.3333,70.45,86,56,7.9
664,Kahului,US,2022-08-11 22:44:40,few clouds,20.8947,-156.47,91.42,50,20,28.77
665,Pudozh,RU,2022-08-11 22:44:41,overcast clouds,61.8099,36.5345,63.84,77,96,9.19
666,Koygorodok,RU,2022-08-11 22:44:41,overcast clouds,60.445,50.9968,58.03,74,91,7.67
667,Maragogi,BR,2022-08-11 22:44:41,clear sky,-9.0122,-35.2225,73.89,84,7,5.17
